{
  "frontend/vite.config.js": 1783012107.0118713,
  "frontend/src/hooks.js": 1783012242.0385737,
  "frontend/src/theme.js": 1783013596.978407,
  "frontend/src/main.jsx": 1783012239.4124813,
  "frontend/src/App.jsx": 1783075544.122031,
  "frontend/src/api.js": 1783071607.9801052,
  "frontend/src/components/DataTable.jsx": 1783012220.4664183,
  "frontend/src/components/DataTransfer.jsx": 1783013612.000126,
  "frontend/src/components/Modal.jsx": 1783012211.5249403,
  "frontend/src/components/Badge.jsx": 1783066482.9488232,
  "frontend/src/components/Icon.jsx": 1783075503.5207627,
  "frontend/src/components/Field.jsx": 1783012221.824091,
  "frontend/src/components/charts.jsx": 1783058724.0943837,
  "frontend/src/pages/Allocations.jsx": 1783057432.6112463,
  "frontend/src/pages/Clients.jsx": 1783057422.6796284,
  "frontend/src/pages/Dashboard.jsx": 1783075556.8890603,
  "frontend/src/pages/Login.jsx": 1783075485.931557,
  "frontend/src/pages/Associates.jsx": 1783075554.9100394,
  "frontend/src/pages/Projects.jsx": 1783057427.3306825,
  "frontend/src/pages/Settings.jsx": 1783057435.7695348,
  "frontend/src/pages/AccessRequests.jsx": 1783071639.8381805,
  "frontend/src/pages/Positions.jsx": 1783075530.3960128,
  "src/test/java/com/softility/omivertex/OmivertexApplicationTests.java": 1783011447.8634396,
  "src/test/java/com/softility/omivertex/api/AssociateApiTest.java": 1783075117.639356,
  "src/test/java/com/softility/omivertex/api/AllocationApiTest.java": 1783066271.4554226,
  "src/test/java/com/softility/omivertex/api/ClientApiTest.java": 1783011769.392859,
  "src/test/java/com/softility/omivertex/api/DashboardApiTest.java": 1783075119.295468,
  "src/test/java/com/softility/omivertex/api/ProjectApiTest.java": 1783011783.703357,
  "src/test/java/com/softility/omivertex/api/ApiTestBase.java": 1783075368.2188892,
  "src/test/java/com/softility/omivertex/api/AuthApiTest.java": 1783057179.8975835,
  "src/test/java/com/softility/omivertex/api/PositionApiTest.java": 1783075103.7955542,
  "src/test/java/com/softility/omivertex/api/DataTransferApiTest.java": 1783075189.520983,
  "src/main/resources/static/assets/app.js": 1783075571.2917445,
  "src/main/java/com/softility/omivertex/OmivertexApplication.java": 1783011447.8634396,
  "src/main/java/com/softility/omivertex/repository/AppUserRepository.java": 1783071575.9714172,
  "src/main/java/com/softility/omivertex/repository/OpenPositionRepository.java": 1783075144.1418397,
  "src/main/java/com/softility/omivertex/repository/ClientRepository.java": 1783013331.2411897,
  "src/main/java/com/softility/omivertex/repository/AssociateRepository.java": 1783013329.3469486,
  "src/main/java/com/softility/omivertex/repository/ProjectRepository.java": 1783013333.018647,
  "src/main/java/com/softility/omivertex/repository/AllocationRepository.java": 1783011723.6499858,
  "src/main/java/com/softility/omivertex/config/SecurityConfig.java": 1783071586.4610837,
  "src/main/java/com/softility/omivertex/config/SeedDataLoader.java": 1783066547.8438914,
  "src/main/java/com/softility/omivertex/web/ClientController.java": 1783011985.6652267,
  "src/main/java/com/softility/omivertex/web/DashboardController.java": 1783012004.0172906,
  "src/main/java/com/softility/omivertex/web/AssociateController.java": 1783011996.1513095,
  "src/main/java/com/softility/omivertex/web/AuthController.java": 1783071594.2079663,
  "src/main/java/com/softility/omivertex/web/ProjectController.java": 1783011990.2939231,
  "src/main/java/com/softility/omivertex/web/HomeController.java": 1783012077.5428834,
  "src/main/java/com/softility/omivertex/web/DataTransferController.java": 1783013423.8219037,
  "src/main/java/com/softility/omivertex/web/AllocationController.java": 1783012001.5849764,
  "src/main/java/com/softility/omivertex/web/PositionController.java": 1783075253.7578156,
  "src/main/java/com/softility/omivertex/web/AdminUserController.java": 1783071581.2777684,
  "src/main/java/com/softility/omivertex/web/dto/MatchCandidateResponse.java": 1783075205.1918733,
  "src/main/java/com/softility/omivertex/web/dto/ProjectResponse.java": 1783011897.8352478,
  "src/main/java/com/softility/omivertex/web/dto/ClientRequest.java": 1783011890.7753863,
  "src/main/java/com/softility/omivertex/web/dto/AllocationRequest.java": 1783011909.2802062,
  "src/main/java/com/softility/omivertex/web/dto/AssociateRequest.java": 1783075215.2200038,
  "src/main/java/com/softility/omivertex/web/dto/DashboardSummaryResponse.java": 1783075263.2507627,
  "src/main/java/com/softility/omivertex/web/dto/FillPositionRequest.java": 1783075206.2089803,
  "src/main/java/com/softility/omivertex/web/dto/AllocationUpdateRequest.java": 1783011911.7233548,
  "src/main/java/com/softility/omivertex/web/dto/PositionRequest.java": 1783075199.9846497,
  "src/main/java/com/softility/omivertex/web/dto/AllocationResponse.java": 1783011914.902837,
  "src/main/java/com/softility/omivertex/web/dto/AssociateResponse.java": 1783075219.8910782,
  "src/main/java/com/softility/omivertex/web/dto/ProjectRequest.java": 1783011895.4788215,
  "src/main/java/com/softility/omivertex/web/dto/PositionResponse.java": 1783075203.332427,
  "src/main/java/com/softility/omivertex/web/dto/ImportSummaryResponse.java": 1783013390.1380699,
  "src/main/java/com/softility/omivertex/web/dto/ClientResponse.java": 1783011893.1254835,
  "src/main/java/com/softility/omivertex/web/error/UnauthorizedException.java": 1783057256.9930322,
  "src/main/java/com/softility/omivertex/web/error/ConflictException.java": 1783011876.555212,
  "src/main/java/com/softility/omivertex/web/error/GlobalExceptionHandler.java": 1783057259.2224267,
  "src/main/java/com/softility/omivertex/web/error/BadRequestException.java": 1783013334.1198058,
  "src/main/java/com/softility/omivertex/web/error/NotFoundException.java": 1783011875.1493108,
  "src/main/java/com/softility/omivertex/service/ImportService.java": 1783075277.8157105,
  "src/main/java/com/softility/omivertex/service/ClientService.java": 1783011931.340415,
  "src/main/java/com/softility/omivertex/service/AssociateService.java": 1783075221.7737744,
  "src/main/java/com/softility/omivertex/service/AllocationService.java": 1783066362.3201337,
  "src/main/java/com/softility/omivertex/service/DashboardService.java": 1783075274.5184546,
  "src/main/java/com/softility/omivertex/service/ProjectService.java": 1783075293.3289213,
  "src/main/java/com/softility/omivertex/service/PositionService.java": 1783075420.1629689,
  "src/main/java/com/softility/omivertex/service/ExportService.java": 1783013419.5334775,
  "src/main/java/com/softility/omivertex/domain/OpenPosition.java": 1783075141.3475041,
  "src/main/java/com/softility/omivertex/domain/Client.java": 1783011682.5211275,
  "src/main/java/com/softility/omivertex/domain/AppUser.java": 1783071571.8942463,
  "src/main/java/com/softility/omivertex/domain/ProjectStatus.java": 1783011676.9540992,
  "src/main/java/com/softility/omivertex/domain/Allocation.java": 1783011700.8920748,
  "src/main/java/com/softility/omivertex/domain/PositionStatus.java": 1783075134.874451,
  "src/main/java/com/softility/omivertex/domain/EntityStatus.java": 1783011675.9281447,
  "src/main/java/com/softility/omivertex/domain/Project.java": 1783011688.19369,
  "src/main/java/com/softility/omivertex/domain/WorkMode.java": 1783011678.3212788,
  "src/main/java/com/softility/omivertex/domain/Associate.java": 1783075133.843308,
  "README.md": 1783074930.6132083,
  "CLAUDE.md": 1783075978.9427118,
  "docs/FUNCTIONAL_OVERVIEW.md": 1783074919.3001266,
  "docs/TECHNICAL.md": 1783074876.5945354,
  "docs/superpowers/plans/2026-07-02-omivertex-implementation-plan.md": 1783011565.501522,
  "docs/superpowers/specs/2026-07-02-omivertex-design.md": 1783011534.2047465,
  "frontend/public/logo.png": 1783021656.7348301,
  "frontend/public/logo-mark.png": 1783057522.4075742,
  "src/main/resources/static/logo.png": 1783075571.1802437,
  "src/main/resources/static/logo-mark.png": 1783075571.176626
}